<?xml version="1.0" encoding="UTF-8" standalone="yes"?>
<p:sldLayout xmlns:a="http://schemas.openxmlformats.org/drawingml/2006/main" xmlns:r="http://schemas.openxmlformats.org/officeDocument/2006/relationships" xmlns:p="http://schemas.openxmlformats.org/presentationml/2006/main" type="vertTitleAndTx" preserve="1"><p:cSld name="竖版"><p:spTree><p:nvGrpSpPr><p:cNvPr id="1" name=""/><p:cNvGrpSpPr/><p:nvPr/></p:nvGrpSpPr><p:grpSpPr><a:xfrm><a:off x="0" y="0"/><a:ext cx="0" cy="0"/><a:chOff x="0" y="0"/><a:chExt cx="0" cy="0"/></a:xfrm></p:grpSpPr><p:sp xmlns:p="http://schemas.openxmlformats.org/presentationml/2006/main" xmlns:a="http://schemas.openxmlformats.org/drawingml/2006/main" xmlns:r="http://schemas.openxmlformats.org/officeDocument/2006/relationships"><p:nvSpPr><p:cNvPr id="2" name="竖排标题 1"/><p:cNvSpPr><a:spLocks noGrp="1"/></p:cNvSpPr><p:nvPr><p:ph type="title" orient="vert"/></p:nvPr></p:nvSpPr><p:spPr><a:xfrm><a:off x="6629400" y="274638"/><a:ext cx="2057400" cy="5851525"/></a:xfrm></p:spPr><p:txBody><a:bodyPr vert="eaVert"/><a:lstStyle/><a:p><a:pPr fontAlgn="base"/><a:r><a:rPr lang="zh-CN" altLang="en-US" strike="noStrike" noProof="1" smtClean="0"/><a:t>单击此处编辑母版标题样式</a:t></a:r><a:endParaRPr lang="zh-CN" altLang="en-US" strike="noStrike" noProof="1"/></a:p></p:txBody></p:sp><p:sp xmlns:p="http://schemas.openxmlformats.org/presentationml/2006/main" xmlns:a="http://schemas.openxmlformats.org/drawingml/2006/main" xmlns:r="http://schemas.openxmlformats.org/officeDocument/2006/relationships"><p:nvSpPr><p:cNvPr id="3" name="竖排文字占位符 2"/><p:cNvSpPr><a:spLocks noGrp="1"/></p:cNvSpPr><p:nvPr><p:ph type="body" orient="vert" idx="1"/></p:nvPr></p:nvSpPr><p:spPr><a:xfrm><a:off x="457200" y="274638"/><a:ext cx="6052930" cy="5851525"/></a:xfrm></p:spPr><p:txBody><a:bodyPr vert="eaVert"/><a:lstStyle/><a:p><a:pPr lvl="0" fontAlgn="base"/><a:r><a:rPr lang="zh-CN" altLang="en-US" strike="noStrike" noProof="1" smtClean="0"/><a:t>单击此处编辑母版文本样式</a:t></a:r><a:endParaRPr lang="zh-CN" altLang="en-US" strike="noStrike" noProof="1" smtClean="0"/></a:p><a:p><a:pPr lvl="1" fontAlgn="base"/><a:r><a:rPr lang="zh-CN" altLang="en-US" strike="noStrike" noProof="1" smtClean="0"/><a:t>第二级</a:t></a:r><a:endParaRPr lang="zh-CN" altLang="en-US" strike="noStrike" noProof="1" smtClean="0"/></a:p><a:p><a:pPr lvl="2" fontAlgn="base"/><a:r><a:rPr lang="zh-CN" altLang="en-US" strike="noStrike" noProof="1" smtClean="0"/><a:t>第三级</a:t></a:r><a:endParaRPr lang="zh-CN" altLang="en-US" strike="noStrike" noProof="1" smtClean="0"/></a:p><a:p><a:pPr lvl="3" fontAlgn="base"/><a:r><a:rPr lang="zh-CN" altLang="en-US" strike="noStrike" noProof="1" smtClean="0"/><a:t>第四级</a:t></a:r><a:endParaRPr lang="zh-CN" altLang="en-US" strike="noStrike" noProof="1" smtClean="0"/></a:p><a:p><a:pPr lvl="4" fontAlgn="base"/><a:r><a:rPr lang="zh-CN" altLang="en-US" strike="noStrike" noProof="1" smtClean="0"/><a:t>第五级</a:t></a:r><a:endParaRPr lang="zh-CN" altLang="en-US" strike="noStrike" noProof="1"/></a:p></p:txBody></p:sp></p:spTree></p:cSld><p:clrMapOvr><a:masterClrMapping/></p:clrMapOvr></p:sldLayout>